{
  "raw_semantic_ratio": [
    0.19129934906959534
  ],
  "raw_abg": [
    0.06088081747293472,
    0.17736651003360748,
    0.5397653579711914
  ],
  "raw_modulation": [
    1.322540044784546,
    1.7009564638137817
  ],
  "weights_learned": true,
  "readable": {
    "semantic_ratio": 0.5476795434951782,
    "alpha_beta_gamma": [
      0.2675360143184662,
      0.30058780312538147,
      0.43187612295150757
    ],
    "modulation_lb_sc": [
      0.4158416032791138,
      0.8919617712497712
    ]
  }
}